series_id,surface
0,soft_pvc
1,soft_pvc
2,soft_pvc
3,soft_pvc
4,soft_pvc
5,soft_pvc
6,soft_pvc
7,soft_pvc
8,soft_pvc
9,soft_pvc
10,soft_pvc
11,soft_pvc
12,soft_pvc
13,soft_pvc
14,soft_pvc
15,soft_pvc
16,soft_pvc
17,soft_pvc
18,soft_pvc
19,soft_pvc
20,soft_pvc
21,soft_pvc
22,soft_pvc
23,soft_pvc
24,soft_pvc
25,soft_pvc
26,soft_pvc
27,soft_pvc
28,soft_pvc
29,soft_pvc
30,soft_pvc
31,soft_pvc
32,soft_pvc
33,soft_pvc
34,soft_pvc
35,soft_pvc
36,soft_pvc
37,soft_pvc
38,soft_pvc
39,soft_pvc
40,soft_pvc
41,soft_pvc
42,soft_pvc
43,soft_pvc
44,soft_pvc
45,soft_pvc
46,soft_pvc
47,soft_pvc
48,soft_pvc
49,soft_pvc
50,soft_pvc
51,soft_pvc
52,soft_pvc
53,soft_pvc
54,soft_pvc
55,soft_pvc
56,soft_pvc
57,soft_pvc
58,soft_pvc
59,soft_pvc
60,soft_pvc
61,soft_pvc
62,soft_pvc
63,soft_pvc
64,soft_pvc
65,soft_pvc
66,soft_pvc
67,soft_pvc
68,soft_pvc
69,soft_pvc
70,soft_pvc
71,soft_pvc
72,soft_pvc
73,soft_pvc
74,soft_pvc
75,soft_pvc
76,soft_pvc
77,soft_pvc
78,soft_pvc
79,soft_pvc
80,soft_pvc
81,soft_pvc
82,soft_pvc
83,soft_pvc
84,soft_pvc
85,soft_pvc
86,soft_pvc
87,soft_pvc
88,soft_pvc
89,soft_pvc
90,soft_pvc
91,soft_pvc
92,soft_pvc
93,soft_pvc
94,soft_pvc
95,soft_pvc
96,soft_pvc
97,soft_pvc
98,soft_pvc
99,soft_pvc
100,soft_pvc
101,soft_pvc
102,soft_pvc
103,soft_pvc
104,soft_pvc
105,soft_pvc
106,soft_pvc
107,soft_pvc
108,soft_pvc
109,soft_pvc
110,soft_pvc
111,soft_pvc
112,soft_pvc
113,soft_pvc
114,soft_pvc
115,soft_pvc
116,soft_pvc
117,soft_pvc
118,soft_pvc
119,soft_pvc
120,soft_pvc
121,soft_pvc
122,soft_pvc
123,soft_pvc
124,soft_pvc
125,soft_pvc
126,soft_pvc
127,soft_pvc
128,soft_pvc
129,soft_pvc
130,soft_pvc
131,soft_pvc
132,soft_pvc
133,soft_pvc
134,soft_pvc
135,soft_pvc
136,soft_pvc
137,soft_pvc
138,soft_pvc
139,soft_pvc
140,soft_pvc
141,soft_pvc
142,soft_pvc
143,soft_pvc
144,soft_pvc
145,soft_pvc
146,soft_pvc
147,soft_pvc
148,soft_pvc
149,soft_pvc
150,soft_pvc
151,soft_pvc
152,soft_pvc
153,soft_pvc
154,soft_pvc
155,soft_pvc
156,soft_pvc
157,soft_pvc
158,soft_pvc
159,soft_pvc
160,soft_pvc
161,soft_pvc
162,soft_pvc
163,soft_pvc
164,soft_pvc
165,soft_pvc
166,soft_pvc
167,soft_pvc
168,soft_pvc
169,soft_pvc
170,soft_pvc
171,soft_pvc
172,soft_pvc
173,soft_pvc
174,soft_pvc
175,soft_pvc
176,soft_pvc
177,soft_pvc
178,soft_pvc
179,soft_pvc
180,soft_pvc
181,soft_pvc
182,soft_pvc
183,soft_pvc
184,soft_pvc
185,soft_pvc
186,soft_pvc
187,soft_pvc
188,soft_pvc
189,soft_pvc
190,soft_pvc
191,soft_pvc
192,soft_pvc
193,soft_pvc
194,soft_pvc
195,soft_pvc
196,soft_pvc
197,soft_pvc
198,soft_pvc
199,soft_pvc
200,soft_pvc
201,soft_pvc
202,soft_pvc
203,soft_pvc
204,soft_pvc
205,soft_pvc
206,soft_pvc
207,soft_pvc
208,soft_pvc
209,soft_pvc
210,soft_pvc
211,soft_pvc
212,soft_pvc
213,soft_pvc
214,soft_pvc
215,soft_pvc
216,soft_pvc
217,soft_pvc
218,soft_pvc
219,soft_pvc
220,soft_pvc
221,soft_pvc
222,soft_pvc
223,soft_pvc
224,soft_pvc
225,soft_pvc
226,soft_pvc
227,soft_pvc
228,soft_pvc
229,soft_pvc
230,soft_pvc
231,soft_pvc
232,soft_pvc
233,soft_pvc
234,soft_pvc
235,soft_pvc
236,soft_pvc
237,soft_pvc
238,soft_pvc
239,soft_pvc
240,soft_pvc
241,soft_pvc
242,soft_pvc
243,soft_pvc
244,soft_pvc
245,soft_pvc
246,soft_pvc
247,soft_pvc
248,soft_pvc
249,soft_pvc
250,soft_pvc
251,soft_pvc
252,soft_pvc
253,soft_pvc
254,soft_pvc
255,soft_pvc
256,soft_pvc
257,soft_pvc
258,soft_pvc
259,soft_pvc
260,soft_pvc
261,soft_pvc
262,soft_pvc
263,soft_pvc
264,soft_pvc
265,soft_pvc
266,soft_pvc
267,soft_pvc
268,soft_pvc
269,soft_pvc
270,soft_pvc
271,soft_pvc
272,soft_pvc
273,soft_pvc
274,soft_pvc
275,soft_pvc
276,soft_pvc
277,soft_pvc
278,soft_pvc
279,soft_pvc
280,soft_pvc
281,soft_pvc
282,soft_pvc
283,soft_pvc
284,soft_pvc
285,soft_pvc
286,soft_pvc
287,soft_pvc
288,soft_pvc
289,soft_pvc
290,soft_pvc
291,soft_pvc
292,soft_pvc
293,soft_pvc
294,soft_pvc
295,soft_pvc
296,soft_pvc
297,soft_pvc
298,soft_pvc
299,soft_pvc
300,soft_pvc
301,soft_pvc
302,soft_pvc
303,soft_pvc
304,soft_pvc
305,soft_pvc
306,soft_pvc
307,soft_pvc
308,soft_pvc
309,soft_pvc
310,soft_pvc
311,soft_pvc
312,soft_pvc
313,soft_pvc
314,soft_pvc
315,soft_pvc
316,soft_pvc
317,soft_pvc
318,soft_pvc
319,soft_pvc
320,soft_pvc
321,soft_pvc
322,soft_pvc
323,soft_pvc
324,soft_pvc
325,soft_pvc
326,soft_pvc
327,soft_pvc
328,soft_pvc
329,soft_pvc
330,soft_pvc
331,soft_pvc
332,soft_pvc
333,soft_pvc
334,soft_pvc
335,soft_pvc
336,soft_pvc
337,soft_pvc
338,soft_pvc
339,soft_pvc
340,soft_pvc
341,soft_pvc
342,soft_pvc
343,soft_pvc
344,soft_pvc
345,soft_pvc
346,soft_pvc
347,soft_pvc
348,soft_pvc
349,soft_pvc
350,soft_pvc
351,soft_pvc
352,soft_pvc
353,soft_pvc
354,soft_pvc
355,soft_pvc
356,soft_pvc
357,soft_pvc
358,soft_pvc
359,soft_pvc
360,soft_pvc
361,soft_pvc
362,soft_pvc
363,soft_pvc
364,soft_pvc
365,soft_pvc
366,soft_pvc
367,soft_pvc
368,soft_pvc
369,soft_pvc
370,soft_pvc
371,soft_pvc
372,soft_pvc
373,soft_pvc
374,soft_pvc
375,soft_pvc
376,soft_pvc
377,soft_pvc
378,soft_pvc
379,soft_pvc
380,soft_pvc
381,soft_pvc
382,soft_pvc
383,soft_pvc
384,soft_pvc
385,soft_pvc
386,soft_pvc
387,soft_pvc
388,soft_pvc
389,soft_pvc
390,soft_pvc
391,soft_pvc
392,soft_pvc
393,soft_pvc
394,soft_pvc
395,soft_pvc
396,soft_pvc
397,soft_pvc
398,soft_pvc
399,soft_pvc
400,soft_pvc
401,soft_pvc
402,soft_pvc
403,soft_pvc
404,soft_pvc
405,soft_pvc
406,soft_pvc
407,soft_pvc
408,soft_pvc
409,soft_pvc
410,soft_pvc
411,soft_pvc
412,soft_pvc
413,soft_pvc
414,soft_pvc
415,soft_pvc
416,soft_pvc
417,soft_pvc
418,soft_pvc
419,soft_pvc
420,soft_pvc
421,soft_pvc
422,soft_pvc
423,soft_pvc
424,soft_pvc
425,soft_pvc
426,soft_pvc
427,soft_pvc
428,soft_pvc
429,soft_pvc
430,soft_pvc
431,soft_pvc
432,soft_pvc
433,soft_pvc
434,soft_pvc
435,soft_pvc
436,soft_pvc
437,soft_pvc
438,soft_pvc
439,soft_pvc
440,soft_pvc
441,soft_pvc
442,soft_pvc
443,soft_pvc
444,soft_pvc
445,soft_pvc
446,soft_pvc
447,soft_pvc
448,soft_pvc
449,soft_pvc
450,soft_pvc
451,soft_pvc
452,soft_pvc
453,soft_pvc
454,soft_pvc
455,soft_pvc
456,soft_pvc
457,soft_pvc
458,soft_pvc
459,soft_pvc
460,soft_pvc
461,soft_pvc
462,soft_pvc
463,soft_pvc
464,soft_pvc
465,soft_pvc
466,soft_pvc
467,soft_pvc
468,soft_pvc
469,soft_pvc
470,soft_pvc
471,soft_pvc
472,soft_pvc
473,soft_pvc
474,soft_pvc
475,soft_pvc
476,soft_pvc
477,soft_pvc
478,soft_pvc
479,soft_pvc
480,soft_pvc
481,soft_pvc
482,soft_pvc
483,soft_pvc
484,soft_pvc
485,soft_pvc
486,soft_pvc
487,soft_pvc
488,soft_pvc
489,soft_pvc
490,soft_pvc
491,soft_pvc
492,soft_pvc
493,soft_pvc
494,soft_pvc
495,soft_pvc
496,soft_pvc
497,soft_pvc
498,soft_pvc
499,soft_pvc
500,soft_pvc
501,soft_pvc
502,soft_pvc
503,soft_pvc
504,soft_pvc
505,soft_pvc
506,soft_pvc
507,soft_pvc
508,soft_pvc
509,soft_pvc
510,soft_pvc
511,soft_pvc
512,soft_pvc
513,soft_pvc
514,soft_pvc
515,soft_pvc
516,soft_pvc
517,soft_pvc
518,soft_pvc
519,soft_pvc
520,soft_pvc
521,soft_pvc
522,soft_pvc
523,soft_pvc
524,soft_pvc
525,soft_pvc
526,soft_pvc
527,soft_pvc
528,soft_pvc
529,soft_pvc
530,soft_pvc
531,soft_pvc
532,soft_pvc
533,soft_pvc
534,soft_pvc
535,soft_pvc
536,soft_pvc
537,soft_pvc
538,soft_pvc
539,soft_pvc
540,soft_pvc
541,soft_pvc
542,soft_pvc
543,soft_pvc
544,soft_pvc
545,soft_pvc
546,soft_pvc
547,soft_pvc
548,soft_pvc
549,soft_pvc
550,soft_pvc
551,soft_pvc
552,soft_pvc
553,soft_pvc
554,soft_pvc
555,soft_pvc
556,soft_pvc
557,soft_pvc
558,soft_pvc
559,soft_pvc
560,soft_pvc
561,soft_pvc
562,soft_pvc
563,soft_pvc
564,soft_pvc
565,soft_pvc
566,soft_pvc
567,soft_pvc
568,soft_pvc
569,soft_pvc
570,soft_pvc
571,soft_pvc
572,soft_pvc
573,soft_pvc
574,soft_pvc
575,soft_pvc
576,soft_pvc
577,soft_pvc
578,soft_pvc
579,soft_pvc
580,soft_pvc
581,soft_pvc
582,soft_pvc
583,soft_pvc
584,soft_pvc
585,soft_pvc
586,soft_pvc
587,soft_pvc
588,soft_pvc
589,soft_pvc
590,soft_pvc
591,soft_pvc
592,soft_pvc
593,soft_pvc
594,soft_pvc
595,soft_pvc
596,soft_pvc
597,soft_pvc
598,soft_pvc
599,soft_pvc
600,soft_pvc
601,soft_pvc
602,soft_pvc
603,soft_pvc
604,soft_pvc
605,soft_pvc
606,soft_pvc
607,soft_pvc
608,soft_pvc
609,soft_pvc
610,soft_pvc
611,soft_pvc
612,soft_pvc
613,soft_pvc
614,soft_pvc
615,soft_pvc
616,soft_pvc
617,soft_pvc
618,soft_pvc
619,soft_pvc
620,soft_pvc
621,soft_pvc
622,soft_pvc
623,soft_pvc
624,soft_pvc
625,soft_pvc
626,soft_pvc
627,soft_pvc
628,soft_pvc
629,soft_pvc
630,soft_pvc
631,soft_pvc
632,soft_pvc
633,soft_pvc
634,soft_pvc
635,soft_pvc
636,soft_pvc
637,soft_pvc
638,soft_pvc
639,soft_pvc
640,soft_pvc
641,soft_pvc
642,soft_pvc
643,soft_pvc
644,soft_pvc
645,soft_pvc
646,soft_pvc
647,soft_pvc
648,soft_pvc
649,soft_pvc
650,soft_pvc
651,soft_pvc
652,soft_pvc
653,soft_pvc
654,soft_pvc
655,soft_pvc
656,soft_pvc
657,soft_pvc
658,soft_pvc
659,soft_pvc
660,soft_pvc
661,soft_pvc
662,soft_pvc
663,soft_pvc
664,soft_pvc
665,soft_pvc
666,soft_pvc
667,soft_pvc
668,soft_pvc
669,soft_pvc
670,soft_pvc
671,soft_pvc
672,soft_pvc
673,soft_pvc
674,soft_pvc
675,soft_pvc
676,soft_pvc
677,soft_pvc
678,soft_pvc
679,soft_pvc
680,soft_pvc
681,soft_pvc
682,soft_pvc
683,soft_pvc
684,soft_pvc
685,soft_pvc
686,soft_pvc
687,soft_pvc
688,soft_pvc
689,soft_pvc
690,soft_pvc
691,soft_pvc
692,soft_pvc
693,soft_pvc
694,soft_pvc
695,soft_pvc
696,soft_pvc
697,soft_pvc
698,soft_pvc
699,soft_pvc
700,soft_pvc
701,soft_pvc
702,soft_pvc
703,soft_pvc
704,soft_pvc
705,soft_pvc
706,soft_pvc
707,soft_pvc
708,soft_pvc
709,soft_pvc
710,soft_pvc
711,soft_pvc
712,soft_pvc
713,soft_pvc
714,soft_pvc
715,soft_pvc
716,soft_pvc
717,soft_pvc
718,soft_pvc
719,soft_pvc
720,soft_pvc
721,soft_pvc
722,soft_pvc
723,soft_pvc
724,soft_pvc
725,soft_pvc
726,soft_pvc
727,soft_pvc
728,soft_pvc
729,soft_pvc
730,soft_pvc
731,soft_pvc
732,soft_pvc
733,soft_pvc
734,soft_pvc
735,soft_pvc
736,soft_pvc
737,soft_pvc
738,soft_pvc
739,soft_pvc
740,soft_pvc
741,soft_pvc
742,soft_pvc
743,soft_pvc
744,soft_pvc
745,soft_pvc
746,soft_pvc
747,soft_pvc
748,soft_pvc
749,soft_pvc
750,soft_pvc
751,soft_pvc
752,soft_pvc
753,soft_pvc
754,soft_pvc
755,soft_pvc
756,soft_pvc
757,soft_pvc
758,soft_pvc
759,soft_pvc
760,soft_pvc
761,soft_pvc
762,soft_pvc
763,soft_pvc
764,soft_pvc
765,soft_pvc
766,soft_pvc
767,soft_pvc
768,soft_pvc
769,soft_pvc
770,soft_pvc
771,soft_pvc
772,soft_pvc
773,soft_pvc
774,soft_pvc
775,soft_pvc
776,soft_pvc
777,soft_pvc
778,soft_pvc
779,soft_pvc
780,soft_pvc
781,soft_pvc
782,soft_pvc
783,soft_pvc
784,soft_pvc
785,soft_pvc
786,soft_pvc
787,soft_pvc
788,soft_pvc
789,soft_pvc
790,soft_pvc
791,soft_pvc
792,soft_pvc
793,soft_pvc
794,soft_pvc
795,soft_pvc
796,soft_pvc
797,soft_pvc
798,soft_pvc
799,soft_pvc
800,soft_pvc
801,soft_pvc
802,soft_pvc
803,soft_pvc
804,soft_pvc
805,soft_pvc
806,soft_pvc
807,soft_pvc
808,soft_pvc
809,soft_pvc
810,soft_pvc
811,soft_pvc
812,soft_pvc
813,soft_pvc
814,soft_pvc
815,soft_pvc
816,soft_pvc
817,soft_pvc
818,soft_pvc
819,soft_pvc
820,soft_pvc
821,soft_pvc
822,soft_pvc
823,soft_pvc
824,soft_pvc
825,soft_pvc
826,soft_pvc
827,soft_pvc
828,soft_pvc
829,soft_pvc
830,soft_pvc
831,soft_pvc
832,soft_pvc
833,soft_pvc
834,soft_pvc
835,soft_pvc
836,soft_pvc
837,soft_pvc
838,soft_pvc
839,soft_pvc
840,soft_pvc
841,soft_pvc
842,soft_pvc
843,soft_pvc
844,soft_pvc
845,soft_pvc
846,soft_pvc
847,soft_pvc
848,soft_pvc
849,soft_pvc
850,soft_pvc
851,soft_pvc
852,soft_pvc
853,soft_pvc
854,soft_pvc
855,soft_pvc
856,soft_pvc
857,soft_pvc
858,soft_pvc
859,soft_pvc
860,soft_pvc
861,soft_pvc
862,soft_pvc
863,soft_pvc
864,soft_pvc
865,soft_pvc
866,soft_pvc
867,soft_pvc
868,soft_pvc
869,soft_pvc
870,soft_pvc
871,soft_pvc
872,soft_pvc
873,soft_pvc
874,soft_pvc
875,soft_pvc
876,soft_pvc
877,soft_pvc
878,soft_pvc
879,soft_pvc
880,soft_pvc
881,soft_pvc
882,soft_pvc
883,soft_pvc
884,soft_pvc
885,soft_pvc
886,soft_pvc
887,soft_pvc
888,soft_pvc
889,soft_pvc
890,soft_pvc
891,soft_pvc
892,soft_pvc
893,soft_pvc
894,soft_pvc
895,soft_pvc
896,soft_pvc
897,soft_pvc
898,soft_pvc
899,soft_pvc
900,soft_pvc
901,soft_pvc
902,soft_pvc
903,soft_pvc
904,soft_pvc
905,soft_pvc
906,soft_pvc
907,soft_pvc
908,soft_pvc
909,soft_pvc
910,soft_pvc
911,soft_pvc
912,soft_pvc
913,soft_pvc
914,soft_pvc
915,soft_pvc
916,soft_pvc
917,soft_pvc
918,soft_pvc
919,soft_pvc
920,soft_pvc
921,soft_pvc
922,soft_pvc
923,soft_pvc
924,soft_pvc
925,soft_pvc
926,soft_pvc
927,soft_pvc
928,soft_pvc
929,soft_pvc
930,soft_pvc
931,soft_pvc
932,soft_pvc
933,soft_pvc
934,soft_pvc
935,soft_pvc
936,soft_pvc
937,soft_pvc
938,soft_pvc
939,soft_pvc
940,soft_pvc
941,soft_pvc
942,soft_pvc
943,soft_pvc
944,soft_pvc
945,soft_pvc
946,soft_pvc
947,soft_pvc
948,soft_pvc
949,soft_pvc
950,soft_pvc
951,soft_pvc
952,soft_pvc
953,soft_pvc
954,soft_pvc
955,soft_pvc
956,soft_pvc
957,soft_pvc
958,soft_pvc
959,soft_pvc
960,soft_pvc
961,soft_pvc
962,soft_pvc
963,soft_pvc
964,soft_pvc
965,soft_pvc
966,soft_pvc
967,soft_pvc
968,soft_pvc
969,soft_pvc
970,soft_pvc
971,soft_pvc
972,soft_pvc
973,soft_pvc
974,soft_pvc
975,soft_pvc
976,soft_pvc
977,soft_pvc
978,soft_pvc
979,soft_pvc
980,soft_pvc
981,soft_pvc
982,soft_pvc
983,soft_pvc
984,soft_pvc
985,soft_pvc
986,soft_pvc
987,soft_pvc
988,soft_pvc
989,soft_pvc
990,soft_pvc
991,soft_pvc
992,soft_pvc
993,soft_pvc
994,soft_pvc
995,soft_pvc
996,soft_pvc
997,soft_pvc
998,soft_pvc
999,soft_pvc
1000,soft_pvc
1001,soft_pvc
1002,soft_pvc
1003,soft_pvc
1004,soft_pvc
1005,soft_pvc
1006,soft_pvc
1007,soft_pvc
1008,soft_pvc
1009,soft_pvc
1010,soft_pvc
1011,soft_pvc
1012,soft_pvc
1013,soft_pvc
1014,soft_pvc
1015,soft_pvc
1016,soft_pvc
1017,soft_pvc
1018,soft_pvc
1019,soft_pvc
1020,soft_pvc
1021,soft_pvc
1022,soft_pvc
1023,soft_pvc
1024,soft_pvc
1025,soft_pvc
1026,soft_pvc
1027,soft_pvc
1028,soft_pvc
1029,soft_pvc
1030,soft_pvc
1031,soft_pvc
1032,soft_pvc
1033,soft_pvc
1034,soft_pvc
1035,soft_pvc
1036,soft_pvc
1037,soft_pvc
1038,soft_pvc
1039,soft_pvc
1040,soft_pvc
1041,soft_pvc
1042,soft_pvc
1043,soft_pvc
1044,soft_pvc
1045,soft_pvc
1046,soft_pvc
1047,soft_pvc
1048,soft_pvc
1049,soft_pvc
1050,soft_pvc
1051,soft_pvc
1052,soft_pvc
1053,soft_pvc
1054,soft_pvc
1055,soft_pvc
1056,soft_pvc
1057,soft_pvc
1058,soft_pvc
1059,soft_pvc
1060,soft_pvc
1061,soft_pvc
1062,soft_pvc
1063,soft_pvc
1064,soft_pvc
1065,soft_pvc
1066,soft_pvc
1067,soft_pvc
1068,soft_pvc
1069,soft_pvc
1070,soft_pvc
1071,soft_pvc
1072,soft_pvc
1073,soft_pvc
1074,soft_pvc
1075,soft_pvc
1076,soft_pvc
1077,soft_pvc
1078,soft_pvc
1079,soft_pvc
1080,soft_pvc
1081,soft_pvc
1082,soft_pvc
1083,soft_pvc
1084,soft_pvc
1085,soft_pvc
1086,soft_pvc
1087,soft_pvc
1088,soft_pvc
1089,soft_pvc
1090,soft_pvc
1091,soft_pvc
1092,soft_pvc
1093,soft_pvc
1094,soft_pvc
1095,soft_pvc
1096,soft_pvc
1097,soft_pvc
1098,soft_pvc
1099,soft_pvc
1100,soft_pvc
1101,soft_pvc
1102,soft_pvc
1103,soft_pvc
1104,soft_pvc
1105,soft_pvc
1106,soft_pvc
1107,soft_pvc
1108,soft_pvc
1109,soft_pvc
1110,soft_pvc
1111,soft_pvc
1112,soft_pvc
1113,soft_pvc
1114,soft_pvc
1115,soft_pvc
1116,soft_pvc
1117,soft_pvc
1118,soft_pvc
1119,soft_pvc
1120,soft_pvc
1121,soft_pvc
1122,soft_pvc
1123,soft_pvc
1124,soft_pvc
1125,soft_pvc
1126,soft_pvc
1127,soft_pvc
1128,soft_pvc
1129,soft_pvc
1130,soft_pvc
1131,soft_pvc
1132,soft_pvc
1133,soft_pvc
1134,soft_pvc
1135,soft_pvc
1136,soft_pvc
1137,soft_pvc
1138,soft_pvc
1139,soft_pvc
1140,soft_pvc
1141,soft_pvc
1142,soft_pvc
1143,soft_pvc
1144,soft_pvc
1145,soft_pvc
1146,soft_pvc
1147,soft_pvc
1148,soft_pvc
1149,soft_pvc
1150,soft_pvc
1151,soft_pvc
1152,soft_pvc
1153,soft_pvc
1154,soft_pvc
1155,soft_pvc
1156,soft_pvc
1157,soft_pvc
1158,soft_pvc
1159,soft_pvc
1160,soft_pvc
1161,soft_pvc
1162,soft_pvc
1163,soft_pvc
1164,soft_pvc
1165,soft_pvc
1166,soft_pvc
1167,soft_pvc
1168,soft_pvc
1169,soft_pvc
1170,soft_pvc
1171,soft_pvc
1172,soft_pvc
1173,soft_pvc
1174,soft_pvc
1175,soft_pvc
1176,soft_pvc
1177,soft_pvc
1178,soft_pvc
1179,soft_pvc
1180,soft_pvc
1181,soft_pvc
1182,soft_pvc
1183,soft_pvc
1184,soft_pvc
1185,soft_pvc
1186,soft_pvc
1187,soft_pvc
1188,soft_pvc
1189,soft_pvc
1190,soft_pvc
1191,soft_pvc
1192,soft_pvc
1193,soft_pvc
1194,soft_pvc
1195,soft_pvc
1196,soft_pvc
1197,soft_pvc
1198,soft_pvc
1199,soft_pvc
1200,soft_pvc
1201,soft_pvc
1202,soft_pvc
1203,soft_pvc
1204,soft_pvc
1205,soft_pvc
1206,soft_pvc
1207,soft_pvc
1208,soft_pvc
1209,soft_pvc
1210,soft_pvc
1211,soft_pvc
1212,soft_pvc
1213,soft_pvc
1214,soft_pvc
1215,soft_pvc
1216,soft_pvc
1217,soft_pvc
1218,soft_pvc
1219,soft_pvc
1220,soft_pvc
1221,soft_pvc
1222,soft_pvc
1223,soft_pvc
1224,soft_pvc
1225,soft_pvc
1226,soft_pvc
1227,soft_pvc
1228,soft_pvc
1229,soft_pvc
1230,soft_pvc
1231,soft_pvc
1232,soft_pvc
1233,soft_pvc
1234,concrete
1235,soft_pvc
1236,soft_pvc
1237,soft_pvc
1238,soft_pvc
1239,soft_pvc
1240,soft_pvc
1241,soft_pvc
1242,soft_pvc
1243,soft_pvc
1244,soft_pvc
1245,soft_pvc
1246,soft_pvc
1247,soft_pvc
1248,soft_pvc
1249,soft_pvc
1250,soft_pvc
1251,soft_pvc
1252,soft_pvc
1253,soft_pvc
1254,soft_pvc
1255,soft_pvc
1256,soft_pvc
1257,soft_pvc
1258,soft_pvc
1259,soft_pvc
1260,soft_pvc
1261,soft_pvc
1262,soft_pvc
1263,soft_pvc
1264,soft_pvc
1265,soft_pvc
1266,soft_pvc
1267,soft_pvc
1268,soft_pvc
1269,soft_pvc
1270,soft_pvc
1271,soft_pvc
1272,soft_pvc
1273,soft_pvc
1274,soft_pvc
1275,soft_pvc
1276,soft_pvc
1277,soft_pvc
1278,soft_pvc
1279,soft_pvc
1280,soft_pvc
1281,soft_pvc
1282,soft_pvc
1283,soft_pvc
1284,soft_pvc
1285,soft_pvc
1286,soft_pvc
1287,soft_pvc
1288,soft_pvc
1289,soft_pvc
1290,soft_pvc
1291,soft_pvc
1292,soft_pvc
1293,soft_pvc
1294,soft_pvc
1295,soft_pvc
1296,soft_pvc
1297,soft_pvc
1298,soft_pvc
1299,soft_pvc
1300,soft_pvc
1301,soft_pvc
1302,soft_pvc
1303,soft_pvc
1304,soft_pvc
1305,soft_pvc
1306,soft_pvc
1307,soft_pvc
1308,soft_pvc
1309,soft_pvc
1310,soft_pvc
1311,soft_pvc
1312,soft_pvc
1313,soft_pvc
1314,soft_pvc
1315,soft_pvc
1316,soft_pvc
1317,soft_pvc
1318,soft_pvc
1319,soft_pvc
1320,soft_pvc
1321,soft_pvc
1322,soft_pvc
1323,soft_pvc
1324,soft_pvc
1325,soft_pvc
1326,soft_pvc
1327,soft_pvc
1328,soft_pvc
1329,soft_pvc
1330,soft_pvc
1331,soft_pvc
1332,soft_pvc
1333,soft_pvc
1334,soft_pvc
1335,soft_pvc
1336,soft_pvc
1337,soft_pvc
1338,soft_pvc
1339,soft_pvc
1340,soft_pvc
1341,soft_pvc
1342,soft_pvc
1343,soft_pvc
1344,soft_pvc
1345,soft_pvc
1346,soft_pvc
1347,soft_pvc
1348,soft_pvc
1349,soft_pvc
1350,soft_pvc
1351,soft_pvc
1352,soft_pvc
1353,soft_pvc
1354,soft_pvc
1355,soft_pvc
1356,soft_pvc
1357,soft_pvc
1358,soft_pvc
1359,soft_pvc
1360,soft_pvc
1361,soft_pvc
1362,soft_pvc
1363,soft_pvc
1364,soft_pvc
1365,soft_pvc
1366,soft_pvc
1367,soft_pvc
1368,soft_pvc
1369,soft_pvc
1370,soft_pvc
1371,soft_pvc
1372,soft_pvc
1373,soft_pvc
1374,soft_pvc
1375,soft_pvc
1376,soft_pvc
1377,soft_pvc
1378,soft_pvc
1379,soft_pvc
1380,soft_pvc
1381,soft_pvc
1382,soft_pvc
1383,soft_pvc
1384,soft_pvc
1385,soft_pvc
1386,soft_pvc
1387,soft_pvc
1388,soft_pvc
1389,soft_pvc
1390,soft_pvc
1391,soft_pvc
1392,soft_pvc
1393,soft_pvc
1394,soft_pvc
1395,soft_pvc
1396,soft_pvc
1397,soft_pvc
1398,soft_pvc
1399,soft_pvc
1400,soft_pvc
1401,soft_pvc
1402,soft_pvc
1403,soft_pvc
1404,soft_pvc
1405,soft_pvc
1406,soft_pvc
1407,soft_pvc
1408,soft_pvc
1409,soft_pvc
1410,soft_pvc
1411,soft_pvc
1412,soft_pvc
1413,soft_pvc
1414,soft_pvc
1415,soft_pvc
1416,soft_pvc
1417,soft_pvc
1418,soft_pvc
1419,soft_pvc
1420,soft_pvc
1421,soft_pvc
1422,soft_pvc
1423,soft_pvc
1424,concrete
1425,soft_pvc
1426,soft_pvc
1427,soft_pvc
1428,soft_pvc
1429,soft_pvc
1430,soft_pvc
1431,soft_pvc
1432,soft_pvc
1433,soft_pvc
1434,soft_pvc
1435,soft_pvc
1436,soft_pvc
1437,soft_pvc
1438,soft_pvc
1439,soft_pvc
1440,soft_pvc
1441,soft_pvc
1442,soft_pvc
1443,soft_pvc
1444,soft_pvc
1445,soft_pvc
1446,soft_pvc
1447,soft_pvc
1448,soft_pvc
1449,soft_pvc
1450,soft_pvc
1451,soft_pvc
1452,soft_pvc
1453,soft_pvc
1454,soft_pvc
1455,soft_pvc
1456,soft_pvc
1457,soft_pvc
1458,soft_pvc
1459,soft_pvc
1460,soft_pvc
1461,soft_pvc
1462,soft_pvc
1463,soft_pvc
1464,soft_pvc
1465,soft_pvc
1466,soft_pvc
1467,soft_pvc
1468,soft_pvc
1469,soft_pvc
1470,soft_pvc
1471,soft_pvc
1472,soft_pvc
1473,soft_pvc
1474,soft_pvc
1475,soft_pvc
1476,soft_pvc
1477,soft_pvc
1478,soft_pvc
1479,soft_pvc
1480,soft_pvc
1481,soft_pvc
1482,soft_pvc
1483,soft_pvc
1484,soft_pvc
1485,soft_pvc
1486,soft_pvc
1487,soft_pvc
1488,soft_pvc
1489,soft_pvc
1490,soft_pvc
1491,soft_pvc
1492,soft_pvc
1493,soft_pvc
1494,soft_pvc
1495,soft_pvc
1496,soft_pvc
1497,soft_pvc
1498,soft_pvc
1499,soft_pvc
1500,soft_pvc
1501,soft_pvc
1502,soft_pvc
1503,soft_pvc
1504,soft_pvc
1505,soft_pvc
1506,soft_pvc
1507,soft_pvc
1508,soft_pvc
1509,soft_pvc
1510,soft_pvc
1511,soft_pvc
1512,soft_pvc
1513,soft_pvc
1514,soft_pvc
1515,soft_pvc
1516,soft_pvc
1517,soft_pvc
1518,soft_pvc
1519,soft_pvc
1520,soft_pvc
1521,soft_pvc
1522,soft_pvc
1523,soft_pvc
1524,soft_pvc
1525,soft_pvc
1526,soft_pvc
1527,soft_pvc
1528,soft_pvc
1529,soft_pvc
1530,soft_pvc
1531,soft_pvc
1532,soft_pvc
1533,soft_pvc
1534,soft_pvc
1535,soft_pvc
1536,soft_pvc
1537,soft_pvc
1538,soft_pvc
1539,soft_pvc
1540,soft_pvc
1541,soft_pvc
1542,soft_pvc
1543,soft_pvc
1544,soft_pvc
1545,soft_pvc
1546,soft_pvc
1547,soft_pvc
1548,soft_pvc
1549,soft_pvc
1550,soft_pvc
1551,soft_pvc
1552,soft_pvc
1553,soft_pvc
1554,soft_pvc
1555,soft_pvc
1556,soft_pvc
1557,soft_pvc
1558,soft_pvc
1559,soft_pvc
1560,soft_pvc
1561,soft_pvc
1562,soft_pvc
1563,soft_pvc
1564,soft_pvc
1565,concrete
1566,soft_pvc
1567,concrete
1568,soft_pvc
1569,soft_pvc
1570,soft_pvc
1571,soft_pvc
1572,soft_pvc
1573,soft_pvc
1574,soft_pvc
1575,soft_pvc
1576,soft_pvc
1577,soft_pvc
1578,soft_pvc
1579,soft_pvc
1580,soft_pvc
1581,soft_pvc
1582,soft_pvc
1583,soft_pvc
1584,soft_pvc
1585,soft_pvc
1586,soft_pvc
1587,soft_pvc
1588,concrete
1589,concrete
1590,soft_pvc
1591,soft_pvc
1592,soft_pvc
1593,soft_pvc
1594,soft_pvc
1595,soft_pvc
1596,soft_pvc
1597,soft_pvc
1598,soft_pvc
1599,soft_pvc
1600,soft_pvc
1601,soft_pvc
1602,soft_pvc
1603,soft_pvc
1604,soft_pvc
1605,soft_pvc
1606,soft_pvc
1607,concrete
1608,soft_pvc
1609,soft_pvc
1610,soft_pvc
1611,soft_pvc
1612,concrete
1613,soft_pvc
1614,soft_pvc
1615,soft_pvc
1616,soft_pvc
1617,concrete
1618,soft_pvc
1619,soft_pvc
1620,soft_pvc
1621,soft_pvc
1622,concrete
1623,soft_pvc
1624,soft_pvc
1625,soft_pvc
1626,soft_pvc
1627,soft_pvc
1628,concrete
1629,soft_pvc
1630,soft_pvc
1631,soft_pvc
1632,soft_pvc
1633,soft_pvc
1634,concrete
1635,soft_pvc
1636,soft_pvc
1637,soft_pvc
1638,soft_pvc
1639,soft_pvc
1640,soft_pvc
1641,soft_pvc
1642,concrete
1643,soft_pvc
1644,concrete
1645,soft_pvc
1646,soft_pvc
1647,concrete
1648,soft_pvc
1649,soft_pvc
1650,soft_pvc
1651,concrete
1652,concrete
1653,concrete
1654,concrete
1655,soft_pvc
1656,soft_pvc
1657,soft_pvc
1658,concrete
1659,soft_pvc
1660,concrete
1661,concrete
1662,concrete
1663,concrete
1664,concrete
1665,concrete
1666,soft_pvc
1667,concrete
1668,concrete
1669,concrete
1670,concrete
1671,concrete
1672,concrete
1673,concrete
1674,concrete
1675,concrete
1676,concrete
1677,concrete
1678,concrete
1679,concrete
1680,concrete
1681,concrete
1682,concrete
1683,concrete
1684,concrete
1685,concrete
1686,concrete
1687,concrete
1688,concrete
1689,concrete
1690,concrete
1691,concrete
1692,concrete
1693,concrete
1694,concrete
1695,concrete
1696,concrete
1697,concrete
1698,concrete
1699,concrete
1700,concrete
1701,concrete
1702,concrete
1703,concrete
1704,concrete
1705,concrete
1706,concrete
1707,concrete
1708,concrete
1709,concrete
1710,concrete
1711,concrete
1712,concrete
1713,concrete
1714,concrete
1715,concrete
1716,concrete
1717,concrete
1718,concrete
1719,concrete
1720,concrete
1721,concrete
1722,concrete
1723,concrete
1724,concrete
1725,concrete
1726,concrete
1727,concrete
1728,concrete
1729,concrete
1730,concrete
1731,concrete
1732,concrete
1733,concrete
1734,concrete
1735,concrete
1736,concrete
1737,concrete
1738,concrete
1739,concrete
1740,concrete
1741,concrete
1742,concrete
1743,concrete
1744,concrete
1745,concrete
1746,concrete
1747,concrete
1748,concrete
1749,concrete
1750,concrete
1751,concrete
1752,concrete
1753,concrete
1754,concrete
1755,concrete
1756,concrete
1757,concrete
1758,concrete
1759,concrete
1760,concrete
1761,concrete
1762,concrete
1763,concrete
1764,concrete
1765,concrete
1766,concrete
1767,concrete
1768,concrete
1769,concrete
1770,concrete
1771,concrete
1772,concrete
1773,concrete
1774,concrete
1775,concrete
1776,concrete
1777,concrete
1778,concrete
1779,concrete
1780,concrete
1781,concrete
1782,concrete
1783,concrete
1784,concrete
1785,concrete
1786,concrete
1787,concrete
1788,concrete
1789,concrete
1790,concrete
1791,concrete
1792,concrete
1793,concrete
1794,concrete
1795,concrete
1796,concrete
1797,concrete
1798,concrete
1799,concrete
1800,concrete
1801,concrete
1802,concrete
1803,concrete
1804,concrete
1805,concrete
1806,concrete
1807,concrete
1808,concrete
1809,concrete
1810,concrete
1811,concrete
1812,concrete
1813,concrete
1814,concrete
1815,concrete
1816,concrete
1817,concrete
1818,concrete
1819,concrete
1820,concrete
1821,concrete
1822,concrete
1823,concrete
1824,concrete
1825,concrete
1826,concrete
1827,concrete
1828,concrete
1829,concrete
1830,concrete
1831,concrete
1832,concrete
1833,concrete
1834,concrete
1835,concrete
1836,concrete
1837,concrete
1838,concrete
1839,concrete
1840,concrete
1841,concrete
1842,concrete
1843,concrete
1844,concrete
1845,concrete
1846,concrete
1847,concrete
1848,concrete
1849,concrete
1850,concrete
1851,concrete
1852,concrete
1853,concrete
1854,concrete
1855,concrete
1856,concrete
1857,concrete
1858,concrete
1859,concrete
1860,concrete
1861,concrete
1862,concrete
1863,concrete
1864,concrete
1865,concrete
1866,concrete
1867,concrete
1868,concrete
1869,concrete
1870,concrete
1871,concrete
1872,concrete
1873,concrete
1874,concrete
1875,concrete
1876,concrete
1877,concrete
1878,concrete
1879,concrete
1880,concrete
1881,concrete
1882,concrete
1883,concrete
1884,concrete
1885,concrete
1886,concrete
1887,concrete
1888,concrete
1889,concrete
1890,concrete
1891,concrete
1892,concrete
1893,concrete
1894,concrete
1895,concrete
1896,concrete
1897,concrete
1898,concrete
1899,concrete
1900,concrete
1901,concrete
1902,concrete
1903,concrete
1904,concrete
1905,concrete
1906,concrete
1907,concrete
1908,concrete
1909,concrete
1910,concrete
1911,concrete
1912,concrete
1913,concrete
1914,concrete
1915,concrete
1916,concrete
1917,concrete
1918,concrete
1919,concrete
1920,concrete
1921,concrete
1922,concrete
1923,concrete
1924,concrete
1925,concrete
1926,concrete
1927,concrete
1928,concrete
1929,concrete
1930,concrete
1931,concrete
1932,concrete
1933,concrete
1934,concrete
1935,concrete
1936,concrete
1937,concrete
1938,concrete
1939,concrete
1940,concrete
1941,concrete
1942,concrete
1943,concrete
1944,concrete
1945,concrete
1946,concrete
1947,concrete
1948,concrete
1949,concrete
1950,concrete
1951,concrete
1952,concrete
1953,concrete
1954,concrete
1955,concrete
1956,concrete
1957,concrete
1958,concrete
1959,concrete
1960,concrete
1961,concrete
1962,concrete
1963,concrete
1964,concrete
1965,concrete
1966,concrete
1967,concrete
1968,concrete
1969,concrete
1970,concrete
1971,concrete
1972,concrete
1973,concrete
1974,concrete
1975,concrete
1976,concrete
1977,concrete
1978,concrete
1979,concrete
1980,concrete
1981,concrete
1982,concrete
1983,concrete
1984,concrete
1985,concrete
1986,concrete
1987,concrete
1988,concrete
1989,concrete
1990,concrete
1991,concrete
1992,concrete
1993,concrete
1994,concrete
1995,concrete
1996,concrete
1997,concrete
1998,concrete
1999,concrete
2000,concrete
2001,concrete
2002,concrete
2003,concrete
2004,concrete
2005,concrete
2006,concrete
2007,concrete
2008,concrete
2009,concrete
2010,concrete
2011,concrete
2012,concrete
2013,concrete
2014,concrete
2015,concrete
2016,concrete
2017,concrete
2018,concrete
2019,concrete
2020,concrete
2021,concrete
2022,concrete
2023,concrete
2024,concrete
2025,concrete
2026,concrete
2027,concrete
2028,concrete
2029,concrete
2030,concrete
2031,concrete
2032,concrete
2033,concrete
2034,concrete
2035,concrete
2036,concrete
2037,concrete
2038,concrete
2039,concrete
2040,concrete
2041,concrete
2042,concrete
2043,concrete
2044,concrete
2045,concrete
2046,concrete
2047,concrete
2048,concrete
2049,concrete
2050,concrete
2051,concrete
2052,concrete
2053,concrete
2054,concrete
2055,concrete
2056,concrete
2057,concrete
2058,concrete
2059,concrete
2060,concrete
2061,concrete
2062,concrete
2063,concrete
2064,concrete
2065,concrete
2066,concrete
2067,concrete
2068,concrete
2069,concrete
2070,concrete
2071,concrete
2072,concrete
2073,concrete
2074,concrete
2075,concrete
2076,concrete
2077,concrete
2078,concrete
2079,concrete
2080,concrete
2081,concrete
2082,concrete
2083,concrete
2084,concrete
2085,concrete
2086,concrete
2087,concrete
2088,concrete
2089,concrete
2090,concrete
2091,concrete
2092,concrete
2093,concrete
2094,concrete
2095,concrete
2096,concrete
2097,concrete
2098,concrete
2099,concrete
2100,concrete
2101,concrete
2102,concrete
2103,concrete
2104,concrete
2105,concrete
2106,concrete
2107,concrete
2108,concrete
2109,concrete
2110,concrete
2111,concrete
2112,concrete
2113,concrete
2114,concrete
2115,concrete
2116,concrete
2117,concrete
2118,concrete
2119,concrete
2120,concrete
2121,concrete
2122,concrete
2123,concrete
2124,concrete
2125,concrete
2126,concrete
2127,concrete
2128,concrete
2129,concrete
2130,concrete
2131,concrete
2132,concrete
2133,concrete
2134,concrete
2135,concrete
2136,concrete
2137,concrete
2138,concrete
2139,concrete
2140,concrete
2141,concrete
2142,concrete
2143,concrete
2144,concrete
2145,concrete
2146,concrete
2147,concrete
2148,concrete
2149,concrete
2150,concrete
2151,concrete
2152,concrete
2153,concrete
2154,concrete
2155,concrete
2156,concrete
2157,concrete
2158,concrete
2159,concrete
2160,concrete
2161,concrete
2162,concrete
2163,concrete
2164,concrete
2165,concrete
2166,concrete
2167,concrete
2168,concrete
2169,concrete
2170,concrete
2171,concrete
2172,concrete
2173,concrete
2174,concrete
2175,concrete
2176,concrete
2177,concrete
2178,concrete
2179,concrete
2180,concrete
2181,concrete
2182,concrete
2183,concrete
2184,concrete
2185,concrete
2186,concrete
2187,concrete
2188,concrete
2189,concrete
2190,concrete
2191,concrete
2192,concrete
2193,concrete
2194,concrete
2195,concrete
2196,concrete
2197,concrete
2198,concrete
2199,concrete
2200,concrete
2201,concrete
2202,concrete
2203,concrete
2204,concrete
2205,concrete
2206,concrete
2207,concrete
2208,concrete
2209,concrete
2210,concrete
2211,concrete
2212,concrete
2213,concrete
2214,concrete
2215,concrete
2216,concrete
2217,concrete
2218,concrete
2219,concrete
2220,concrete
2221,concrete
2222,concrete
2223,concrete
2224,concrete
2225,concrete
2226,concrete
2227,concrete
2228,concrete
2229,concrete
2230,concrete
2231,concrete
2232,concrete
2233,concrete
2234,concrete
2235,concrete
2236,concrete
2237,concrete
2238,concrete
2239,concrete
2240,concrete
2241,concrete
2242,concrete
2243,concrete
2244,concrete
2245,concrete
2246,concrete
2247,concrete
2248,concrete
2249,concrete
2250,concrete
2251,concrete
2252,concrete
2253,concrete
2254,concrete
2255,concrete
2256,concrete
2257,concrete
2258,concrete
2259,concrete
2260,concrete
2261,concrete
2262,concrete
2263,concrete
2264,concrete
2265,concrete
2266,concrete
2267,concrete
2268,concrete
2269,concrete
2270,concrete
2271,concrete
2272,concrete
2273,concrete
2274,concrete
2275,concrete
2276,concrete
2277,concrete
2278,concrete
2279,concrete
2280,concrete
2281,concrete
2282,concrete
2283,concrete
2284,concrete
2285,concrete
2286,concrete
2287,concrete
2288,concrete
2289,concrete
2290,concrete
2291,concrete
2292,concrete
2293,concrete
2294,concrete
2295,concrete
2296,concrete
2297,concrete
2298,concrete
2299,concrete
2300,concrete
2301,concrete
2302,concrete
2303,concrete
2304,concrete
2305,concrete
2306,concrete
2307,concrete
2308,concrete
2309,concrete
2310,concrete
2311,concrete
2312,concrete
2313,concrete
2314,concrete
2315,concrete
2316,concrete
2317,concrete
2318,concrete
2319,concrete
2320,concrete
2321,concrete
2322,concrete
2323,concrete
2324,concrete
2325,concrete
2326,concrete
2327,concrete
2328,concrete
2329,concrete
2330,concrete
2331,concrete
2332,concrete
2333,concrete
2334,concrete
2335,concrete
2336,concrete
2337,concrete
2338,concrete
2339,concrete
2340,concrete
2341,concrete
2342,concrete
2343,concrete
2344,concrete
2345,concrete
2346,concrete
2347,concrete
2348,concrete
2349,concrete
2350,concrete
2351,concrete
2352,concrete
2353,concrete
2354,concrete
2355,concrete
2356,concrete
2357,concrete
2358,concrete
2359,concrete
2360,concrete
2361,concrete
2362,concrete
2363,concrete
2364,concrete
2365,concrete
2366,concrete
2367,concrete
2368,concrete
2369,concrete
2370,concrete
2371,concrete
2372,concrete
2373,concrete
2374,concrete
2375,concrete
2376,concrete
2377,concrete
2378,concrete
2379,concrete
2380,concrete
2381,concrete
2382,concrete
2383,concrete
2384,concrete
2385,concrete
2386,concrete
2387,concrete
2388,concrete
2389,concrete
2390,concrete
2391,concrete
2392,concrete
2393,concrete
2394,concrete
2395,concrete
2396,concrete
2397,concrete
2398,concrete
2399,concrete
2400,concrete
2401,concrete
2402,concrete
2403,concrete
2404,concrete
2405,concrete
2406,concrete
2407,concrete
2408,concrete
2409,concrete
2410,concrete
2411,concrete
2412,concrete
2413,concrete
2414,concrete
2415,concrete
2416,concrete
2417,concrete
2418,concrete
2419,concrete
2420,concrete
2421,concrete
2422,concrete
2423,concrete
2424,concrete
2425,concrete
2426,concrete
2427,concrete
2428,concrete
2429,concrete
2430,concrete
2431,concrete
2432,concrete
2433,concrete
2434,concrete
2435,concrete
2436,concrete
2437,concrete
2438,concrete
2439,concrete
2440,concrete
2441,concrete
2442,concrete
2443,concrete
2444,concrete
2445,concrete
2446,concrete
2447,concrete
2448,concrete
2449,concrete
2450,concrete
2451,concrete
2452,concrete
2453,concrete
2454,concrete
2455,concrete
2456,concrete
2457,concrete
2458,concrete
2459,concrete
2460,concrete
2461,concrete
2462,concrete
2463,concrete
2464,concrete
2465,concrete
2466,concrete
2467,concrete
2468,concrete
2469,concrete
2470,concrete
2471,concrete
2472,concrete
2473,concrete
2474,concrete
2475,concrete
2476,concrete
2477,concrete
2478,concrete
2479,concrete
2480,concrete
2481,concrete
2482,concrete
2483,concrete
2484,concrete
2485,concrete
2486,concrete
2487,concrete
2488,concrete
2489,concrete
2490,concrete
2491,concrete
2492,concrete
2493,concrete
2494,concrete
2495,concrete
2496,concrete
2497,concrete
2498,concrete
2499,concrete
2500,concrete
2501,concrete
2502,concrete
2503,concrete
2504,concrete
2505,concrete
2506,concrete
2507,concrete
2508,concrete
2509,concrete
2510,concrete
2511,concrete
2512,concrete
2513,concrete
2514,concrete
2515,concrete
2516,concrete
2517,concrete
2518,concrete
2519,concrete
2520,concrete
2521,concrete
2522,concrete
2523,concrete
2524,concrete
2525,concrete
2526,concrete
2527,concrete
2528,concrete
2529,concrete
2530,concrete
2531,concrete
2532,concrete
2533,concrete
2534,concrete
2535,concrete
2536,concrete
2537,concrete
2538,concrete
2539,concrete
2540,concrete
2541,concrete
2542,concrete
2543,concrete
2544,concrete
2545,concrete
2546,concrete
2547,concrete
2548,concrete
2549,concrete
2550,concrete
2551,concrete
2552,concrete
2553,concrete
2554,concrete
2555,concrete
2556,concrete
2557,concrete
2558,concrete
2559,concrete
2560,concrete
2561,concrete
2562,concrete
2563,concrete
2564,concrete
2565,concrete
2566,concrete
2567,concrete
2568,concrete
2569,concrete
2570,concrete
2571,concrete
2572,concrete
2573,concrete
2574,concrete
2575,concrete
2576,concrete
2577,concrete
2578,concrete
2579,concrete
2580,concrete
2581,concrete
2582,concrete
2583,concrete
2584,concrete
2585,concrete
2586,concrete
2587,concrete
2588,concrete
2589,concrete
2590,concrete
2591,concrete
2592,concrete
2593,concrete
2594,concrete
2595,concrete
2596,concrete
2597,concrete
2598,concrete
2599,concrete
2600,concrete
2601,concrete
2602,concrete
2603,concrete
2604,concrete
2605,concrete
2606,concrete
2607,concrete
2608,concrete
2609,concrete
2610,concrete
2611,concrete
2612,concrete
2613,concrete
2614,concrete
2615,concrete
2616,concrete
2617,concrete
2618,concrete
2619,concrete
2620,concrete
2621,concrete
2622,concrete
2623,concrete
2624,concrete
2625,concrete
2626,concrete
2627,concrete
2628,concrete
2629,concrete
2630,concrete
2631,concrete
2632,concrete
2633,concrete
2634,concrete
2635,concrete
2636,concrete
2637,concrete
2638,concrete
2639,concrete
2640,concrete
2641,concrete
2642,concrete
2643,concrete
2644,concrete
2645,concrete
2646,concrete
2647,concrete
2648,concrete
2649,concrete
2650,concrete
2651,concrete
2652,concrete
2653,concrete
2654,concrete
2655,concrete
2656,concrete
2657,concrete
2658,concrete
2659,concrete
2660,concrete
2661,concrete
2662,concrete
2663,concrete
2664,concrete
2665,concrete
2666,concrete
2667,concrete
2668,concrete
2669,concrete
2670,concrete
2671,concrete
2672,concrete
2673,concrete
2674,concrete
2675,concrete
2676,concrete
2677,concrete
2678,concrete
2679,concrete
2680,concrete
2681,concrete
2682,concrete
2683,concrete
2684,concrete
2685,concrete
2686,concrete
2687,concrete
2688,concrete
2689,concrete
2690,concrete
2691,concrete
2692,concrete
2693,concrete
2694,concrete
2695,concrete
2696,concrete
2697,concrete
2698,concrete
2699,concrete
2700,concrete
2701,concrete
2702,concrete
2703,concrete
2704,concrete
2705,concrete
2706,concrete
2707,concrete
2708,concrete
2709,concrete
2710,concrete
2711,concrete
2712,concrete
2713,concrete
2714,concrete
2715,concrete
2716,concrete
2717,concrete
2718,concrete
2719,concrete
2720,concrete
2721,concrete
2722,concrete
2723,concrete
2724,concrete
2725,concrete
2726,concrete
2727,concrete
2728,concrete
2729,concrete
2730,concrete
2731,concrete
2732,concrete
2733,concrete
2734,concrete
2735,concrete
2736,concrete
2737,concrete
2738,concrete
2739,concrete
2740,concrete
2741,concrete
2742,concrete
2743,concrete
2744,concrete
2745,concrete
2746,concrete
2747,concrete
2748,concrete
2749,concrete
2750,concrete
2751,concrete
2752,concrete
2753,concrete
2754,concrete
2755,concrete
2756,concrete
2757,concrete
2758,concrete
2759,concrete
2760,concrete
2761,concrete
2762,concrete
2763,concrete
2764,concrete
2765,concrete
2766,concrete
2767,concrete
2768,concrete
2769,concrete
2770,concrete
2771,concrete
2772,concrete
2773,concrete
2774,concrete
2775,concrete
2776,concrete
2777,concrete
2778,concrete
2779,concrete
2780,concrete
2781,concrete
2782,concrete
2783,concrete
2784,concrete
2785,concrete
2786,concrete
2787,concrete
2788,concrete
2789,concrete
2790,concrete
2791,concrete
2792,concrete
2793,concrete
2794,concrete
2795,concrete
2796,concrete
2797,concrete
2798,concrete
2799,concrete
2800,concrete
2801,concrete
2802,concrete
2803,concrete
2804,concrete
2805,concrete
2806,concrete
2807,concrete
2808,concrete
2809,concrete
2810,concrete
2811,concrete
2812,concrete
2813,concrete
2814,concrete
2815,concrete
2816,concrete
2817,concrete
2818,concrete
2819,concrete
2820,concrete
2821,concrete
2822,concrete
2823,concrete
2824,concrete
2825,concrete
2826,concrete
2827,concrete
2828,concrete
2829,concrete
2830,concrete
2831,concrete
2832,concrete
2833,concrete
2834,concrete
2835,concrete
2836,concrete
2837,concrete
2838,concrete
2839,concrete
2840,concrete
2841,concrete
2842,concrete
2843,concrete
2844,concrete
2845,concrete
2846,concrete
2847,concrete
2848,concrete
2849,concrete
2850,concrete
2851,concrete
2852,concrete
2853,concrete
2854,concrete
2855,concrete
2856,concrete
2857,concrete
2858,concrete
2859,concrete
2860,concrete
2861,concrete
2862,concrete
2863,concrete
2864,concrete
2865,concrete
2866,concrete
2867,concrete
2868,concrete
2869,concrete
2870,concrete
2871,concrete
2872,concrete
2873,concrete
2874,concrete
2875,concrete
2876,concrete
2877,concrete
2878,concrete
2879,concrete
2880,concrete
2881,concrete
2882,concrete
2883,concrete
2884,concrete
2885,concrete
2886,concrete
2887,concrete
2888,concrete
2889,concrete
2890,concrete
2891,concrete
2892,concrete
2893,concrete
2894,concrete
2895,concrete
2896,concrete
2897,concrete
2898,concrete
2899,concrete
2900,concrete
2901,concrete
2902,concrete
2903,concrete
2904,concrete
2905,concrete
2906,concrete
2907,concrete
2908,concrete
2909,concrete
2910,concrete
2911,concrete
2912,concrete
2913,concrete
2914,concrete
2915,concrete
2916,concrete
2917,concrete
2918,concrete
2919,concrete
2920,concrete
2921,concrete
2922,concrete
2923,concrete
2924,concrete
2925,concrete
2926,concrete
2927,concrete
2928,concrete
2929,concrete
2930,concrete
2931,concrete
2932,concrete
2933,concrete
2934,concrete
2935,concrete
2936,concrete
2937,concrete
2938,concrete
2939,concrete
2940,concrete
2941,concrete
2942,concrete
2943,concrete
2944,concrete
2945,concrete
2946,concrete
2947,concrete
2948,concrete
2949,concrete
2950,concrete
2951,concrete
2952,concrete
2953,concrete
2954,concrete
2955,concrete
2956,concrete
2957,concrete
2958,concrete
2959,concrete
2960,concrete
2961,concrete
2962,concrete
2963,concrete
2964,concrete
2965,concrete
2966,concrete
2967,concrete
2968,concrete
2969,concrete
2970,concrete
2971,concrete
2972,concrete
2973,concrete
2974,concrete
2975,concrete
2976,concrete
2977,concrete
2978,concrete
2979,concrete
2980,concrete
2981,concrete
2982,concrete
2983,concrete
2984,concrete
2985,concrete
2986,concrete
2987,concrete
2988,concrete
2989,concrete
2990,concrete
2991,concrete
2992,concrete
2993,concrete
2994,concrete
2995,concrete
2996,concrete
2997,concrete
2998,concrete
2999,concrete
3000,concrete
3001,concrete
3002,concrete
3003,concrete
3004,concrete
3005,concrete
3006,concrete
3007,concrete
3008,concrete
3009,concrete
3010,concrete
3011,concrete
3012,concrete
3013,concrete
3014,concrete
3015,concrete
3016,concrete
3017,concrete
3018,concrete
3019,concrete
3020,concrete
3021,concrete
3022,concrete
3023,concrete
3024,concrete
3025,concrete
3026,concrete
3027,concrete
3028,concrete
3029,concrete
3030,concrete
3031,concrete
3032,concrete
3033,concrete
3034,concrete
3035,concrete
3036,concrete
3037,concrete
3038,concrete
3039,concrete
3040,concrete
3041,concrete
3042,concrete
3043,concrete
3044,concrete
3045,concrete
3046,concrete
3047,concrete
3048,concrete
3049,concrete
3050,concrete
3051,concrete
3052,concrete
3053,concrete
3054,concrete
3055,concrete
3056,concrete
3057,concrete
3058,concrete
3059,concrete
3060,concrete
3061,concrete
3062,concrete
3063,concrete
3064,concrete
3065,concrete
3066,concrete
3067,concrete
3068,concrete
3069,concrete
3070,concrete
3071,concrete
3072,concrete
3073,concrete
3074,concrete
3075,concrete
3076,concrete
3077,concrete
3078,concrete
3079,concrete
3080,concrete
3081,concrete
3082,concrete
3083,concrete
3084,concrete
3085,concrete
3086,concrete
3087,concrete
3088,concrete
3089,concrete
3090,concrete
3091,concrete
3092,concrete
3093,concrete
3094,concrete
3095,concrete
3096,concrete
3097,concrete
3098,concrete
3099,concrete
3100,concrete
3101,concrete
3102,concrete
3103,concrete
3104,concrete
3105,concrete
3106,concrete
3107,concrete
3108,concrete
3109,concrete
3110,concrete
3111,concrete
3112,concrete
3113,concrete
3114,concrete
3115,concrete
3116,concrete
3117,concrete
3118,concrete
3119,concrete
3120,concrete
3121,concrete
3122,concrete
3123,concrete
3124,concrete
3125,concrete
3126,concrete
3127,concrete
3128,concrete
3129,concrete
3130,concrete
3131,concrete
3132,concrete
3133,concrete
3134,concrete
3135,concrete
3136,concrete
3137,concrete
3138,concrete
3139,concrete
3140,concrete
3141,concrete
3142,concrete
3143,concrete
3144,concrete
3145,concrete
3146,concrete
3147,concrete
3148,concrete
3149,concrete
3150,concrete
3151,concrete
3152,concrete
3153,concrete
3154,concrete
3155,concrete
3156,concrete
3157,concrete
3158,concrete
3159,concrete
3160,concrete
3161,concrete
3162,concrete
3163,concrete
3164,concrete
3165,concrete
3166,concrete
3167,concrete
3168,concrete
3169,concrete
3170,concrete
3171,concrete
3172,concrete
3173,concrete
3174,concrete
3175,concrete
3176,concrete
3177,concrete
3178,concrete
3179,concrete
3180,concrete
3181,concrete
3182,concrete
3183,concrete
3184,concrete
3185,concrete
3186,concrete
3187,concrete
3188,concrete
3189,concrete
3190,concrete
3191,concrete
3192,concrete
3193,concrete
3194,concrete
3195,concrete
3196,concrete
3197,concrete
3198,concrete
3199,concrete
3200,concrete
3201,concrete
3202,concrete
3203,concrete
3204,concrete
3205,concrete
3206,concrete
3207,concrete
3208,concrete
3209,concrete
3210,concrete
3211,concrete
3212,concrete
3213,concrete
3214,concrete
3215,concrete
3216,concrete
3217,concrete
3218,concrete
3219,concrete
3220,concrete
3221,concrete
3222,concrete
3223,concrete
3224,concrete
3225,concrete
3226,concrete
3227,concrete
3228,concrete
3229,concrete
3230,concrete
3231,concrete
3232,concrete
3233,concrete
3234,concrete
3235,concrete
3236,concrete
3237,concrete
3238,concrete
3239,concrete
3240,concrete
3241,concrete
3242,concrete
3243,concrete
3244,concrete
3245,concrete
3246,concrete
3247,concrete
3248,concrete
3249,concrete
3250,concrete
3251,concrete
3252,concrete
3253,concrete
3254,concrete
3255,concrete
3256,concrete
3257,concrete
3258,concrete
3259,concrete
3260,concrete
3261,concrete
3262,concrete
3263,concrete
3264,concrete
3265,concrete
3266,concrete
3267,concrete
3268,concrete
3269,concrete
3270,concrete
3271,concrete
3272,concrete
3273,concrete
3274,concrete
3275,concrete
3276,concrete
3277,concrete
3278,concrete
3279,concrete
3280,concrete
3281,concrete
3282,concrete
3283,concrete
3284,concrete
3285,concrete
3286,concrete
3287,concrete
3288,concrete
3289,concrete
3290,concrete
3291,concrete
3292,concrete
3293,concrete
3294,concrete
3295,concrete
3296,concrete
3297,concrete
3298,concrete
3299,concrete
3300,concrete
3301,concrete
3302,concrete
3303,concrete
3304,concrete
3305,concrete
3306,concrete
3307,concrete
3308,concrete
3309,concrete
3310,concrete
3311,concrete
3312,concrete
3313,concrete
3314,concrete
3315,concrete
3316,concrete
3317,concrete
3318,concrete
3319,concrete
3320,concrete
3321,concrete
3322,concrete
3323,concrete
3324,concrete
3325,concrete
3326,concrete
3327,concrete
3328,concrete
3329,concrete
3330,concrete
3331,concrete
3332,concrete
3333,concrete
3334,concrete
3335,concrete
3336,concrete
3337,concrete
3338,concrete
3339,concrete
3340,concrete
3341,concrete
3342,concrete
3343,concrete
3344,concrete
3345,concrete
3346,concrete
3347,concrete
3348,concrete
3349,concrete
3350,concrete
3351,concrete
3352,concrete
3353,concrete
3354,concrete
3355,concrete
3356,concrete
3357,concrete
3358,concrete
3359,concrete
3360,concrete
3361,concrete
3362,concrete
3363,concrete
3364,concrete
3365,concrete
3366,concrete
3367,concrete
3368,concrete
3369,concrete
3370,concrete
3371,concrete
3372,concrete
3373,concrete
3374,concrete
3375,concrete
3376,concrete
3377,concrete
3378,concrete
3379,concrete
3380,concrete
3381,concrete
3382,concrete
3383,concrete
3384,concrete
3385,concrete
3386,concrete
3387,concrete
3388,concrete
3389,concrete
3390,concrete
3391,concrete
3392,concrete
3393,concrete
3394,concrete
3395,concrete
3396,concrete
3397,concrete
3398,concrete
3399,concrete
3400,concrete
3401,concrete
3402,concrete
3403,concrete
3404,concrete
3405,concrete
3406,concrete
3407,concrete
3408,concrete
3409,concrete
3410,concrete
3411,concrete
3412,concrete
3413,concrete
3414,concrete
3415,concrete
3416,concrete
3417,concrete
3418,concrete
3419,concrete
3420,concrete
3421,concrete
3422,concrete
3423,concrete
3424,concrete
3425,concrete
3426,concrete
3427,concrete
3428,concrete
3429,concrete
3430,concrete
3431,concrete
3432,concrete
3433,concrete
3434,concrete
3435,concrete
3436,concrete
3437,concrete
3438,concrete
3439,concrete
3440,concrete
3441,concrete
3442,concrete
3443,concrete
3444,concrete
3445,concrete
3446,concrete
3447,concrete
3448,concrete
3449,concrete
3450,concrete
3451,concrete
3452,concrete
3453,concrete
3454,concrete
3455,concrete
3456,concrete
3457,concrete
3458,concrete
3459,concrete
3460,concrete
3461,concrete
3462,concrete
3463,concrete
3464,concrete
3465,concrete
3466,concrete
3467,concrete
3468,concrete
3469,concrete
3470,concrete
3471,concrete
3472,concrete
3473,concrete
3474,concrete
3475,concrete
3476,concrete
3477,concrete
3478,concrete
3479,concrete
3480,concrete
3481,concrete
3482,concrete
3483,concrete
3484,concrete
3485,concrete
3486,concrete
3487,concrete
3488,concrete
3489,concrete
3490,concrete
3491,concrete
3492,concrete
3493,concrete
3494,concrete
3495,concrete
3496,concrete
3497,concrete
3498,concrete
3499,concrete
3500,concrete
3501,concrete
3502,concrete
3503,concrete
3504,concrete
3505,concrete
3506,concrete
3507,concrete
3508,concrete
3509,concrete
3510,concrete
3511,concrete
3512,concrete
3513,concrete
3514,concrete
3515,concrete
3516,concrete
3517,concrete
3518,concrete
3519,concrete
3520,concrete
3521,concrete
3522,concrete
3523,concrete
3524,concrete
3525,concrete
3526,concrete
3527,concrete
3528,concrete
3529,concrete
3530,concrete
3531,concrete
3532,concrete
3533,concrete
3534,concrete
3535,concrete
3536,concrete
3537,concrete
3538,concrete
3539,concrete
3540,concrete
3541,concrete
3542,concrete
3543,concrete
3544,concrete
3545,concrete
3546,concrete
3547,concrete
3548,concrete
3549,concrete
3550,concrete
3551,concrete
3552,concrete
3553,concrete
3554,concrete
3555,concrete
3556,concrete
3557,concrete
3558,concrete
3559,concrete
3560,concrete
3561,concrete
3562,concrete
3563,concrete
3564,concrete
3565,concrete
3566,concrete
3567,concrete
3568,concrete
3569,concrete
3570,concrete
3571,concrete
3572,concrete
3573,concrete
3574,concrete
3575,concrete
3576,concrete
3577,concrete
3578,concrete
3579,concrete
3580,concrete
3581,concrete
3582,concrete
3583,concrete
3584,concrete
3585,concrete
3586,concrete
3587,concrete
3588,concrete
3589,concrete
3590,concrete
3591,concrete
3592,concrete
3593,concrete
3594,concrete
3595,concrete
3596,concrete
3597,concrete
3598,concrete
3599,concrete
3600,concrete
3601,concrete
3602,concrete
3603,concrete
3604,concrete
3605,concrete
3606,concrete
3607,concrete
3608,concrete
3609,concrete
3610,concrete
3611,concrete
3612,concrete
3613,concrete
3614,concrete
3615,concrete
3616,concrete
3617,concrete
3618,concrete
3619,concrete
3620,concrete
3621,concrete
3622,concrete
3623,concrete
3624,concrete
3625,concrete
3626,concrete
3627,concrete
3628,concrete
3629,concrete
3630,concrete
3631,concrete
3632,concrete
3633,concrete
3634,concrete
3635,concrete
3636,concrete
3637,concrete
3638,concrete
3639,concrete
3640,concrete
3641,concrete
3642,concrete
3643,concrete
3644,concrete
3645,concrete
3646,concrete
3647,concrete
3648,concrete
3649,concrete
3650,concrete
3651,concrete
3652,concrete
3653,concrete
3654,concrete
3655,concrete
3656,concrete
3657,concrete
3658,concrete
3659,concrete
3660,concrete
3661,concrete
3662,concrete
3663,concrete
3664,concrete
3665,concrete
3666,concrete
3667,concrete
3668,concrete
3669,concrete
3670,concrete
3671,concrete
3672,concrete
3673,concrete
3674,concrete
3675,concrete
3676,concrete
3677,concrete
3678,concrete
3679,concrete
3680,concrete
3681,concrete
3682,concrete
3683,concrete
3684,concrete
3685,concrete
3686,concrete
3687,concrete
3688,concrete
3689,concrete
3690,concrete
3691,concrete
3692,concrete
3693,concrete
3694,concrete
3695,concrete
3696,concrete
3697,concrete
3698,concrete
3699,concrete
3700,concrete
3701,concrete
3702,concrete
3703,concrete
3704,concrete
3705,concrete
3706,concrete
3707,concrete
3708,concrete
3709,concrete
3710,concrete
3711,concrete
3712,concrete
3713,concrete
3714,concrete
3715,concrete
3716,concrete
3717,concrete
3718,concrete
3719,concrete
3720,concrete
3721,concrete
3722,concrete
3723,concrete
3724,concrete
3725,concrete
3726,concrete
3727,concrete
3728,concrete
3729,concrete
3730,concrete
3731,concrete
3732,concrete
3733,concrete
3734,concrete
3735,concrete
3736,concrete
3737,concrete
3738,concrete
3739,concrete
3740,concrete
3741,concrete
3742,concrete
3743,concrete
3744,concrete
3745,concrete
3746,concrete
3747,concrete
3748,concrete
3749,concrete
3750,concrete
3751,concrete
3752,concrete
3753,concrete
3754,concrete
3755,concrete
3756,concrete
3757,concrete
3758,concrete
3759,concrete
3760,concrete
3761,concrete
3762,concrete
3763,concrete
3764,concrete
3765,concrete
3766,concrete
3767,concrete
3768,concrete
3769,concrete
3770,concrete
3771,concrete
3772,concrete
3773,concrete
3774,concrete
3775,concrete
3776,concrete
3777,concrete
3778,concrete
3779,concrete
3780,concrete
3781,concrete
3782,concrete
3783,concrete
3784,concrete
3785,concrete
3786,concrete
3787,concrete
3788,concrete
3789,concrete
3790,concrete
3791,concrete
3792,concrete
3793,concrete
3794,concrete
3795,concrete
3796,concrete
3797,concrete
3798,concrete
3799,concrete
3800,concrete
3801,concrete
3802,concrete
3803,concrete
3804,concrete
3805,concrete
3806,concrete
3807,concrete
3808,concrete
3809,concrete
3810,concrete
3811,concrete
3812,concrete
3813,concrete
3814,concrete
3815,concrete
